{
    "loss": 5.119645595550537,
    "accuracy": 0.4313725531101227
}