{
    "loss": 17.118877410888672,
    "accuracy": 0.4313725531101227
}