{
    "loss": 9.998750686645508,
    "accuracy": 0.4313725531101227
}